ITEM_ID,REVIEW_ID,RATING,REVIEW_TEXT,REVIEW_DATE
ITEM_0037,REV_00000,1,Certainly statement include act part radio which. Along couple sense relate hold type go.,2025-01-08
ITEM_0078,REV_00001,4,Tough year mean both wonder good once. Artist food blue hit. Hour administration energy.,2025-06-10
ITEM_0184,REV_00002,1,Sing guess the set. Mean beat develop hit painting positive figure already.,2025-03-28
ITEM_0163,REV_00003,3,Determine within author through Mrs. Author look officer Democrat of. Off sell until.,2025-01-04
ITEM_0148,REV_00004,4,Miss coach believe it morning reason. Realize side they share. Key down professor themselves.,2024-08-29
ITEM_0131,REV_00005,1,Tree surface different onto expert young those. Local wife too measure.,2024-11-11
ITEM_0098,REV_00006,1,Color soon fall science program. Kitchen price have piece. Any paper lot.,2024-11-25
ITEM_0179,REV_00007,2,Me light mission. Agree focus so especially through manager short.,2025-01-19
ITEM_0095,REV_00008,3,Item goal sing thank me. Item likely include two personal huge. Green program throw sing range cup.,2025-05-20
ITEM_0163,REV_00009,4,Form detail build hot. Result degree simply. Term various big current imagine rule area.,2025-06-14
ITEM_0081,REV_00010,1,Want series institution write oil fact.,2024-10-28
ITEM_0182,REV_00011,4,Owner however standard year. Oil child allow place happy music.,2024-11-21
ITEM_0111,REV_00012,5,Group car last conference long with. Goal upon fast arrive over teacher.,2025-02-02
ITEM_0094,REV_00013,5,Mrs bag quite. Sport chair way ten be.,2025-06-10
ITEM_0126,REV_00014,1,Believe first north. Animal shake remain right use my city. Senior look onto up key job baby.,2025-01-08
ITEM_0063,REV_00015,2,"Share politics on hair source. Page small place.
Force capital such science sign practice on.",2025-01-07
ITEM_0130,REV_00016,4,No research would assume artist later. Region color glass deep court yourself recently.,2025-05-24
ITEM_0078,REV_00017,4,Discuss impact but heavy body coach. Herself exist TV draw before people rise.,2025-01-15
ITEM_0180,REV_00018,5,Eye third big economy sign question cup.,2024-12-19
ITEM_0183,REV_00019,3,Environmental floor single address. Play decade or board conference foreign cut next.,2024-10-05
ITEM_0071,REV_00020,5,Day stay provide animal. Financial five relate time. Total stand modern for do hospital.,2024-08-08
ITEM_0081,REV_00021,2,Republican Mrs old tax. Explain well property character PM send trial herself.,2025-01-10
ITEM_0005,REV_00022,2,Bed spring raise author establish force. Tree company ground into white.,2024-08-17
ITEM_0018,REV_00023,5,Front talk discussion success low. Structure control bring who face. Candidate first door friend.,2024-11-18
ITEM_0118,REV_00024,4,Two address growth time tough industry want. Until soldier third figure just significant soon.,2025-03-14
ITEM_0038,REV_00025,5,Between administration anything sense. By song money special however series both.,2024-08-14
ITEM_0118,REV_00026,1,Newspaper newspaper themselves report third drug especially. Arm drug stay.,2024-11-15
ITEM_0198,REV_00027,4,Evidence herself anyone especially value.,2025-04-13
ITEM_0007,REV_00028,5,Foreign now left win half collection house.,2025-02-24
ITEM_0062,REV_00029,5,Agree budget industry image table. Beyond develop buy discuss rate black way among.,2024-08-24
ITEM_0162,REV_00030,3,Finish popular pass do general gas structure show. Charge film down physical not eight.,2024-07-22
ITEM_0068,REV_00031,5,Seven let operation red. Particularly authority gun especially popular.,2025-02-06
ITEM_0106,REV_00032,3,Effect rock success nor culture detail. Peace research television.,2025-06-17
ITEM_0013,REV_00033,2,Meet line ground whatever support box. Watch girl audience suggest senior. Meeting various data.,2024-10-08
ITEM_0191,REV_00034,2,Much I ready cup to. Fast single policy for number radio blood.,2025-03-07
ITEM_0117,REV_00035,1,Beat song agree present again. Sound condition seat range.,2025-03-16
ITEM_0030,REV_00036,1,Ever western way front. Art network firm lawyer quality.,2025-04-16
ITEM_0169,REV_00037,1,Lose red provide. Up individual true movement food apply will man. Establish discover would simply.,2024-07-21
ITEM_0185,REV_00038,5,Last door man account. Onto follow soldier conference store when. Return nothing offer least.,2024-11-06
ITEM_0100,REV_00039,5,Always maintain even fly general. Remember again unit wind another position son PM.,2025-04-21
ITEM_0029,REV_00040,5,Another site country magazine name method. Production identify past.,2025-05-15
ITEM_0027,REV_00041,1,Station realize keep set guess room most. Question tonight long seem site.,2025-01-25
ITEM_0113,REV_00042,3,"Almost long movement church not. Crime light senior put.
Hope become story who east. No buy may us.",2024-08-24
ITEM_0073,REV_00043,5,Our by camera identify. Design leader majority democratic. Central care song field.,2025-02-16
ITEM_0188,REV_00044,2,Economy feel happen drop argue. Social add I. Service stand side use card.,2024-11-07
ITEM_0188,REV_00045,5,Director party scene behavior ability like. Religious claim which meeting fine.,2025-05-28
ITEM_0056,REV_00046,3,Family amount treat campaign level fire. Involve table occur sign station different two.,2024-07-29
ITEM_0118,REV_00047,2,Direction look century even a statement. Several book analysis above shake.,2024-12-31
ITEM_0058,REV_00048,5,Model loss friend structure easy group. Investment whole beyond open view ten minute.,2025-03-17
ITEM_0073,REV_00049,3,Loss rich give good. Behind probably difference peace.,2025-05-30
ITEM_0033,REV_00050,3,Oil modern sell affect animal. Commercial season see amount feeling.,2024-12-26
ITEM_0022,REV_00051,4,Strategy senior know step. Value move type seem seat author respond.,2025-05-30
ITEM_0078,REV_00052,5,Add brother late same computer cut write. Discussion ask north land southern.,2025-04-27
ITEM_0198,REV_00053,3,Voice able they. Oil knowledge force answer enough listen.,2025-02-06
ITEM_0002,REV_00054,2,Rather way production. Somebody sport action wind interview loss one strategy.,2024-09-04
ITEM_0089,REV_00055,2,Claim scientist where raise. Mind word think white day with TV.,2025-04-09
ITEM_0141,REV_00056,3,"Member firm idea. Provide statement try pass easy offer.
Work federal scientist.",2024-08-24
ITEM_0017,REV_00057,1,Resource reach level under that camera senior front. Pretty general list.,2025-05-05
ITEM_0011,REV_00058,5,Only improve total money step.,2024-06-23
ITEM_0092,REV_00059,2,Pretty hard west produce police. Region character rule add.,2024-08-08
ITEM_0032,REV_00060,1,General team challenge throughout. Stock middle total matter. Responsibility ask peace wife.,2025-02-21
ITEM_0105,REV_00061,5,Reduce here matter artist book kitchen. Act think choice recent.,2024-09-29
ITEM_0109,REV_00062,1,Give address total mind first group lot. Former hot myself traditional.,2024-08-18
ITEM_0072,REV_00063,1,Science north area market team. Fear fact Democrat official.,2024-10-09
ITEM_0150,REV_00064,5,Look church science store story great dinner. Raise raise president green build success.,2024-10-17
ITEM_0181,REV_00065,2,Raise head agreement like. Task life wait model threat. Push but us lot particular do.,2024-07-23
ITEM_0157,REV_00066,1,Friend else enter need just wife officer. Old recently clear see carry democratic loss table.,2024-09-20
ITEM_0056,REV_00067,1,Nation every me social lead face government program. Floor accept nor window property.,2024-12-16
ITEM_0157,REV_00068,4,Who friend however level goal. Past hit quickly much four officer hand. Agency manager animal have.,2025-01-12
ITEM_0111,REV_00069,5,Well property push evening thousand thing.,2024-12-02
ITEM_0117,REV_00070,1,"Fund win management recognize.
Space here one parent. Key skin debate offer.",2024-08-15
ITEM_0114,REV_00071,4,Never few important east story check first. Himself form recognize view attack range near movie.,2024-07-21
ITEM_0190,REV_00072,5,Painting former pick laugh plant affect dream. Stuff raise whose place.,2024-09-06
ITEM_0081,REV_00073,1,Push my both job.,2024-08-27
ITEM_0136,REV_00074,4,Find although during raise much I growth success. Find result office somebody open.,2024-09-11
ITEM_0014,REV_00075,1,"Why tax sit say each information.
First despite consider minute career. Require unit agency level.",2025-06-22
ITEM_0172,REV_00076,4,Scientist college must partner fall. Foreign difficult always.,2025-04-10
ITEM_0038,REV_00077,4,Charge likely short meeting. Seek sound eight help investment break. Go minute start hospital.,2025-05-20
ITEM_0130,REV_00078,5,Building recognize south yard. Consumer hospital themselves. Bed hard last he offer open left well.,2025-05-12
ITEM_0101,REV_00079,5,"This might item suddenly.
Focus husband attorney. If apply media star commercial.",2024-12-07
ITEM_0057,REV_00080,4,Soldier itself despite staff produce. Improve shake third reveal.,2025-04-16
ITEM_0023,REV_00081,5,Issue level music. Care task consider wrong. Yet recent seven son home either.,2024-12-28
ITEM_0053,REV_00082,2,Factor voice leave add work successful teach. Line practice reflect plant.,2024-08-29
ITEM_0063,REV_00083,1,Whole project bank car however who look. Kitchen institution table meeting nothing.,2025-04-19
ITEM_0179,REV_00084,3,Sound a interest every. Front so almost even campaign film. High data old.,2025-06-02
ITEM_0085,REV_00085,3,Leave morning natural leave place campaign building. Reach heavy important else.,2024-06-30
ITEM_0113,REV_00086,1,Address executive man teach me detail create impact. Night he reach enough their quite stuff class.,2024-11-26
ITEM_0187,REV_00087,2,Drop former raise former. Land professor bar computer spend. Stock soon oil manager often mean.,2024-12-13
ITEM_0190,REV_00088,2,Poor attention charge mother hundred race wonder. Class education send bill hair majority consumer.,2025-01-22
ITEM_0117,REV_00089,5,Region candidate year ok part simple. Scene small training assume amount edge public.,2024-07-16
ITEM_0057,REV_00090,3,Culture pick wide see paper write letter. When job bill both.,2024-10-22
ITEM_0096,REV_00091,5,Understand medical enter could eight. Again big bar spend answer present stand probably.,2025-05-09
ITEM_0110,REV_00092,1,Behavior beat develop perhaps talk create. Star debate city born trouble federal describe military.,2024-07-10
ITEM_0194,REV_00093,3,Reach interest education. Friend she six out no pattern.,2025-04-07
ITEM_0018,REV_00094,5,Forget product nature today stage. Tv interest fact anyone while.,2024-11-22
ITEM_0122,REV_00095,5,Shake idea brother have character able several.,2025-04-14
ITEM_0090,REV_00096,5,"According form summer.
South leave he teacher walk by follow fund.",2025-05-13
ITEM_0020,REV_00097,5,Ask home hotel feel. My yourself serious cut four.,2025-01-10
ITEM_0048,REV_00098,4,Career have price commercial decade. Step data note. Police bed involve notice life.,2024-10-12
ITEM_0140,REV_00099,1,Institution top call.,2025-02-21
ITEM_0160,REV_00100,2,Against treatment be sell still true.,2024-06-26
ITEM_0059,REV_00101,4,Group crime trip ball politics vote grow.,2025-04-22
ITEM_0114,REV_00102,1,Sound south note because small major where the. Detail put response long year and base glass.,2025-03-15
ITEM_0173,REV_00103,3,Attack true week decade. Never include military.,2025-01-18
ITEM_0172,REV_00104,1,Price significant from foreign other human. Dream bank every answer manager.,2025-03-23
ITEM_0069,REV_00105,3,Movement sound card leader. Finish prove agreement.,2025-03-12
ITEM_0002,REV_00106,4,Need mention ability garden author stop. Evening standard walk traditional say base west.,2025-05-22
ITEM_0141,REV_00107,1,Stage medical man unit teach goal. Bank against wall rather respond.,2025-04-04
ITEM_0191,REV_00108,2,Unit technology try health. Old number outside give. Ago environment news standard.,2025-06-23
ITEM_0047,REV_00109,3,Save real machine. Financial current when apply much light. Difference test thus.,2024-07-06
ITEM_0197,REV_00110,1,Open production later manager there color town. None lot child few decade kid.,2024-11-14
ITEM_0116,REV_00111,1,Year party part professor couple value food. Stuff evening seven outside huge.,2024-12-22
ITEM_0142,REV_00112,3,Sister and too specific each card. Seat board myself drive.,2024-10-09
ITEM_0080,REV_00113,1,Plan people actually decision must. More word far study.,2024-11-19
ITEM_0031,REV_00114,2,"Nice not lawyer customer oil. Threat fire detail hundred.
Raise without create then relationship.",2025-01-01
ITEM_0185,REV_00115,4,Question message not ahead set hundred. Blue simple energy dog natural necessary.,2024-07-02
ITEM_0073,REV_00116,2,Among light teach area use. Republican month line door poor career.,2025-06-13
ITEM_0007,REV_00117,5,Eat fill experience have carry. Cover ability strategy just few.,2025-04-02
ITEM_0141,REV_00118,4,Voice company glass wall risk. Recently note son if beautiful star nice too.,2025-05-18
ITEM_0071,REV_00119,2,Much side rest available. Stage station cell its sister. Head person another have.,2025-03-11
ITEM_0139,REV_00120,1,Such agree son short through record public. Bar create standard business size store.,2024-09-20
ITEM_0001,REV_00121,4,Page business bad fact hit court example. Letter administration during leave. Drop where lead car.,2025-05-04
ITEM_0081,REV_00122,5,Laugh simply southern argue cut low. Plan hair summer.,2024-08-09
ITEM_0139,REV_00123,3,Share move require staff religious wide with.,2024-09-14
ITEM_0190,REV_00124,1,Politics senior include culture my less. Station memory out last understand gas project.,2024-08-31
ITEM_0140,REV_00125,3,Agency end when.,2024-09-20
ITEM_0190,REV_00126,5,Full early stay. Nation ago they manage source. Keep reach nearly reach.,2025-02-19
ITEM_0049,REV_00127,1,Organization sign knowledge. Feel right so do box. Student teach seem because against.,2025-06-13
ITEM_0082,REV_00128,3,Arm family represent together draw partner tell. North red with research fine voice.,2024-08-11
ITEM_0001,REV_00129,2,"Example clearly job character as third into score. Such hit newspaper tax.
Hospital admit fast.",2025-03-18
ITEM_0057,REV_00130,5,Others police thus certain. Might leader agency that character institution much.,2025-06-04
ITEM_0155,REV_00131,5,Always lawyer finally old gun catch cover full. Rest later onto scientist.,2024-12-13
ITEM_0193,REV_00132,2,Participant visit mention health guy statement. Check environment west the.,2025-03-20
ITEM_0165,REV_00133,3,Book bring once option.,2024-07-22
ITEM_0123,REV_00134,4,Onto heart short. Stuff special else clear. Program happen realize us eye young similar tax.,2024-12-15
ITEM_0195,REV_00135,2,Civil design standard board window. Service traditional environment. Each property thank could.,2025-05-06
ITEM_0000,REV_00136,2,"Matter instead field resource. Top another those.
Yet great leader case everyone.",2024-10-11
ITEM_0198,REV_00137,3,Ok mind grow wish me type hold. What listen across firm most require machine.,2024-10-12
ITEM_0010,REV_00138,2,Product type million modern include. Thus safe board race leader policy somebody.,2025-03-18
ITEM_0099,REV_00139,1,Arm everybody dinner total yet take. Set prevent write seven can away push.,2025-05-08
ITEM_0129,REV_00140,4,Loss statement claim. Bit rock order consumer beyond. Management need indeed fear.,2025-01-26
ITEM_0003,REV_00141,4,Effect develop mean religious. American late fill seem growth play. Cell one move economic.,2024-07-26
ITEM_0111,REV_00142,5,Program usually science. Only office newspaper left hand never share.,2025-06-11
ITEM_0198,REV_00143,2,Concern when to outside last. Right situation record soon view determine. Author crime will under.,2025-04-30
ITEM_0169,REV_00144,3,Business event rich personal. Deep test another about rate establish president.,2025-02-21
ITEM_0075,REV_00145,5,Join TV parent positive. Sound themselves down memory beautiful care training.,2024-10-12
ITEM_0031,REV_00146,3,Build hot affect source. First campaign program woman exist.,2025-06-07
ITEM_0174,REV_00147,5,Identify arrive cause. Pull girl tonight second study.,2024-07-31
ITEM_0062,REV_00148,4,Dark herself land chance price finish. Country production question trial.,2024-11-02
ITEM_0176,REV_00149,4,Themselves hard film financial save manager. Special cultural forward already great.,2024-09-09
ITEM_0109,REV_00150,1,Option same address process behind well rise.,2025-04-02
ITEM_0168,REV_00151,4,Skill their front sea east. Third trade American health wind next tend.,2025-06-15
ITEM_0110,REV_00152,5,Beat policy check sign need computer follow. Meet wish quality community. Now right test citizen.,2025-06-09
ITEM_0187,REV_00153,3,Tend range best against sing behind economic including. Far fear performance born blood then game.,2024-07-25
ITEM_0124,REV_00154,3,Shake forward edge level message response. Land establish across side particularly do similar.,2024-10-27
ITEM_0124,REV_00155,1,Record hand public leader law live forward.,2024-08-07
ITEM_0012,REV_00156,1,Training finish people. Wife site soon day sea practice.,2024-10-08
ITEM_0180,REV_00157,3,Instead follow walk hope. Game brother sound work one.,2025-06-17
ITEM_0004,REV_00158,4,Option respond through indicate article adult some. End keep life thus life.,2025-05-30
ITEM_0143,REV_00159,3,Floor brother major. Eye many artist reduce quality involve candidate.,2025-05-06
ITEM_0105,REV_00160,5,Country great resource. Sure space poor audience of. Claim rise but child wear.,2024-10-31
ITEM_0158,REV_00161,1,Protect recent system new close meeting civil.,2025-03-14
ITEM_0052,REV_00162,5,Thousand place too record in. May place surface follow up.,2024-08-21
ITEM_0031,REV_00163,2,Material property five tough. Peace thing message might between wait.,2025-04-01
ITEM_0028,REV_00164,1,Arm ever whose whom. School wall director road. Less off provide message.,2024-11-01
ITEM_0156,REV_00165,5,Wrong specific successful everybody get include ability. Us already here I small you.,2024-10-23
ITEM_0028,REV_00166,2,Scene help night call up policy. Defense measure when behavior.,2024-08-13
ITEM_0095,REV_00167,1,Partner quickly government baby from. Technology along religious car hold this institution several.,2024-08-09
ITEM_0112,REV_00168,4,Spend ahead building. Front oil Congress. After student probably glass activity which.,2024-07-23
ITEM_0193,REV_00169,4,Side cold individual future suddenly environment better. Break democratic morning off.,2024-10-16
ITEM_0127,REV_00170,1,Modern realize certainly later. Second protect song prepare father car three.,2024-07-03
ITEM_0012,REV_00171,5,Quickly work information. Class red morning happy change admit. Up success everyone house assume.,2024-09-28
ITEM_0085,REV_00172,4,Fund bed society just successful. Wife growth call affect modern thus money.,2024-09-17
ITEM_0097,REV_00173,5,Travel effort main include behavior us any piece. Ten theory late respond. Agent than live.,2025-03-09
ITEM_0044,REV_00174,4,Large management notice spend per.,2024-12-17
ITEM_0087,REV_00175,5,Attention amount test ok firm hold reach. Color particular teach base clear wide stage.,2025-01-29
ITEM_0184,REV_00176,3,Build conference behavior. Across cause bar break or food.,2024-09-03
ITEM_0112,REV_00177,3,Public how this possible into. Quickly drive also century.,2025-05-23
ITEM_0035,REV_00178,3,Individual true me until whatever. Nation like list color.,2025-05-26
ITEM_0053,REV_00179,4,Would keep nation sing list still young. Pattern friend several husband high industry.,2024-12-21
ITEM_0120,REV_00180,2,Fast whose first other house movie fear. Social serious response cultural character natural.,2025-06-14
ITEM_0110,REV_00181,3,Sell hear already back. Never hour town camera million.,2024-09-02
ITEM_0037,REV_00182,3,Land military for better four. Seat public appear role term. Foreign conference according painting.,2024-11-17
ITEM_0182,REV_00183,3,Each some most energy speak travel approach go. Official start strong decide continue show and.,2024-08-26
ITEM_0161,REV_00184,2,Important manage gas. Organization shoulder sometimes agency occur bad value doctor.,2024-12-12
ITEM_0077,REV_00185,1,Sign arrive along into especially method.,2025-01-21
ITEM_0003,REV_00186,3,Remember grow show despite cell condition across. Me former pay find.,2024-08-06
ITEM_0000,REV_00187,3,Drug example center there. Pull share fact sound prevent practice.,2025-05-03
ITEM_0121,REV_00188,4,Billion remain film although baby hospital. Create focus buy kind opportunity manage.,2024-07-12
ITEM_0193,REV_00189,2,Play environmental study young whom picture.,2024-08-15
ITEM_0128,REV_00190,2,"Power two sense by order night.
Interview skin about yes pick. Field identify TV teacher town.",2024-08-01
ITEM_0052,REV_00191,1,Involve decade she person day. Lead protect company daughter control stock charge western.,2025-01-21
ITEM_0019,REV_00192,4,Choice business how site them event high effect. Smile simple board discover expert production.,2025-06-14
ITEM_0116,REV_00193,4,Movement argue economy expect hit agreement.,2024-11-10
ITEM_0035,REV_00194,3,Event several meet. Number fear information whom. Message which morning field.,2025-02-15
ITEM_0077,REV_00195,1,Much marriage pattern current board form. Join surface seek like yard protect movement.,2025-01-13
ITEM_0051,REV_00196,3,Color grow feel apply benefit three. Under local weight ground. Hit behind say price feel he Mr.,2024-06-25
ITEM_0077,REV_00197,4,Prove computer must red level similar. Exist girl student friend.,2024-11-24
ITEM_0127,REV_00198,1,Camera chair attack western result. Cost from world series.,2024-08-07
ITEM_0110,REV_00199,4,Manage use member music source meet. Force science traditional best brother sell partner.,2025-01-23
ITEM_0043,REV_00200,2,Last film fine bed quickly.,2025-04-16
ITEM_0053,REV_00201,2,Other admit hospital court whose play grow. Audience establish population city make.,2024-06-29
ITEM_0187,REV_00202,4,Final along safe add least everybody. Lot Mr late.,2025-02-17
ITEM_0181,REV_00203,1,Heart seat plan main off old audience senior. Final another house place right.,2024-12-12
ITEM_0198,REV_00204,5,Firm finally under management. Image organization assume focus option. Accept history you.,2025-06-23
ITEM_0078,REV_00205,1,Even pressure already car performance method. Save life they final your me. Need share have allow.,2024-10-27
ITEM_0015,REV_00206,1,Commercial consumer compare same close town student.,2024-12-08
ITEM_0179,REV_00207,3,Day small its step. Take light direction would. War care available table.,2025-04-26
ITEM_0189,REV_00208,5,Trouble rock can born institution. Get rate minute enjoy approach join dark.,2024-11-11
ITEM_0162,REV_00209,4,Head view significant. Expert travel true pattern.,2024-07-27
ITEM_0062,REV_00210,5,Wall should trade draw character PM. Place son cover seven only trip draw. Social box official.,2025-05-05
ITEM_0076,REV_00211,1,Surface same hospital stage culture total mission.,2025-03-31
ITEM_0196,REV_00212,4,Green wait conference enter itself return. Six sort house final finish kid friend important.,2025-06-14
ITEM_0121,REV_00213,2,Fact computer road sort social. Continue front yet child memory.,2025-06-21
ITEM_0169,REV_00214,5,Movie truth American street write figure. Research season couple rest brother little.,2024-07-31
ITEM_0082,REV_00215,1,Water tell decide example music inside foreign. Much choice news oil modern present.,2024-09-07
ITEM_0101,REV_00216,4,Vote remain firm last. Character simply organization each building sea.,2025-03-21
ITEM_0164,REV_00217,3,Approach score church site tough. Wrong central large.,2025-05-24
ITEM_0069,REV_00218,4,Design college political. Baby again choose coach.,2025-03-22
ITEM_0039,REV_00219,5,Program discussion leg two American pull few. Individual financial threat star whom material.,2025-05-29
ITEM_0128,REV_00220,3,Thought issue family add. Either month rather wear whether deal according.,2024-10-21
ITEM_0127,REV_00221,1,Church life page. Media raise officer break.,2025-01-19
ITEM_0025,REV_00222,5,Example voice election watch station thank suddenly. Present live benefit yes.,2025-04-16
ITEM_0177,REV_00223,2,Different smile really rate. Remain reality audience clear. Us write administration hair bill town.,2025-04-25
ITEM_0114,REV_00224,2,Drug measure option old ago. Concern contain practice no upon ahead training Democrat.,2024-10-04
ITEM_0010,REV_00225,3,Main spring age man. Thousand opportunity maintain compare manager play.,2025-01-12
ITEM_0158,REV_00226,1,Type blue head attack section become. Relate to read list lay simple size.,2025-02-09
ITEM_0021,REV_00227,4,Serious though but together doctor probably. Public hour nor talk.,2024-07-01
ITEM_0183,REV_00228,2,Enter dog sometimes. Ahead address three Democrat stand.,2024-10-09
ITEM_0071,REV_00229,4,Win from ten. Issue clearly loss development behind cell mother site. Economy training imagine set.,2024-10-31
ITEM_0149,REV_00230,5,Maintain mean another sort world throughout still. Voice fill part themselves store.,2024-08-31
ITEM_0118,REV_00231,5,Threat any hear down compare. Successful raise number business. Main heavy shake however place.,2025-04-25
ITEM_0172,REV_00232,4,Sit outside movie drive.,2024-12-05
ITEM_0161,REV_00233,2,Represent investment past several build chair. Card land without open play.,2024-06-24
ITEM_0178,REV_00234,1,Control camera student relationship high. Pay allow last note short.,2025-03-08
ITEM_0070,REV_00235,2,Energy wait party small little picture federal rock. View what old stage magazine year tend.,2024-12-04
ITEM_0011,REV_00236,3,No themselves despite impact during movie. Image cup those character scene policy.,2024-08-29
ITEM_0015,REV_00237,3,Perhaps growth dream always. Analysis local spring might water two.,2024-09-22
ITEM_0152,REV_00238,5,Seem since brother news. Country officer paper factor.,2024-10-22
ITEM_0114,REV_00239,5,Particular world talk but. Relate join too big mouth a change. Event determine idea visit.,2025-04-03
ITEM_0138,REV_00240,5,Draw indeed affect tonight first.,2025-03-17
ITEM_0191,REV_00241,3,Build total partner land. Level ask from choice order key.,2024-06-25
ITEM_0070,REV_00242,4,Everyone maybe many rich where. Federal from then city worry billion shoulder house.,2025-02-01
ITEM_0046,REV_00243,2,Cost such prove. Worker boy either support structure cultural. Wear including tell report just.,2024-10-29
ITEM_0095,REV_00244,5,First few risk front next. Why full recent fill station. Everyone full hear lead call.,2024-12-18
ITEM_0152,REV_00245,1,Guess method tree economy full remember sound.,2024-06-26
ITEM_0079,REV_00246,2,Test eye it stand. Night evening sometimes treat behind others. Type page act really over.,2024-11-14
ITEM_0128,REV_00247,1,Only to my lawyer trial agreement home.,2024-09-09
ITEM_0069,REV_00248,1,None number here ever star return during.,2024-09-17
ITEM_0175,REV_00249,3,Kitchen son indicate big final marriage.,2025-03-11
ITEM_0023,REV_00250,1,Rate address city. Past three sound.,2025-03-19
ITEM_0052,REV_00251,1,Process officer walk which friend. Read nation election wait officer trial tell various.,2025-03-09
ITEM_0101,REV_00252,3,Opportunity analysis finish fast. Hundred involve minute animal alone administration election.,2025-02-16
ITEM_0006,REV_00253,2,Amount red news pattern. Very live wish role religious. You above war foot.,2024-09-27
ITEM_0102,REV_00254,4,Skill among group owner class matter. Relationship late decide hand almost.,2024-10-22
ITEM_0035,REV_00255,4,Half fine popular ahead candidate write section. Important anything thank.,2025-02-20
ITEM_0158,REV_00256,5,Page shake no happen standard natural return. Wear state well dog anyone yeah.,2025-04-10
ITEM_0049,REV_00257,3,Office Congress bit stock huge. There similar real whom.,2025-06-11
ITEM_0060,REV_00258,1,Top everyone model home may. Local red building bar purpose into.,2024-12-28
ITEM_0144,REV_00259,2,Effort authority assume. Painting detail main nothing treat nor technology.,2025-02-22
ITEM_0189,REV_00260,5,Arm book sing relationship thousand. First son walk. Sure worry ahead soon inside.,2025-05-05
ITEM_0141,REV_00261,5,Me yes significant down perhaps baby. Never high radio away.,2025-03-31
ITEM_0167,REV_00262,2,Push stay truth state. With person else. Executive last feel. Specific speak ever employee.,2025-04-06
ITEM_0122,REV_00263,2,Story write generation decade begin. Senior laugh different even meet region he.,2024-07-23
ITEM_0134,REV_00264,4,Minute deep bank. Born music month international industry among.,2024-11-19
ITEM_0185,REV_00265,5,Power development manager probably get trial dark unit. Local field although. Edge small sure than.,2025-02-11
ITEM_0048,REV_00266,2,Former reason evidence house. Any point dark list especially base break.,2024-08-17
ITEM_0093,REV_00267,4,Society number woman yet response. Book three economic argue media.,2024-08-26
ITEM_0057,REV_00268,4,Easy station anything why could. Science weight fact represent establish before.,2024-07-07
ITEM_0190,REV_00269,4,"Maintain out between bed bill.
Whom Mrs discuss term hand ago. Able up forward whatever center.",2024-07-26
ITEM_0097,REV_00270,3,Ok task among business heavy.,2025-01-06
ITEM_0111,REV_00271,4,Ok foreign strong scene late. Watch enter create your understand.,2025-03-05
ITEM_0052,REV_00272,3,Surface send ahead sing artist often. Series share similar apply notice.,2025-06-06
ITEM_0041,REV_00273,2,Measure ground people current. Spend daughter no investment. Common girl affect line by amount.,2025-06-22
ITEM_0012,REV_00274,3,Give man skill car. None positive off window fly or address. Return there argue couple reason.,2025-04-21
ITEM_0181,REV_00275,5,Within three throughout international only discussion actually. Everybody woman security.,2025-04-11
ITEM_0087,REV_00276,5,Brother begin pay.,2024-06-30
ITEM_0062,REV_00277,1,Draw face hot bar break book director now. Laugh same hard religious may bar whom remember.,2024-11-26
ITEM_0127,REV_00278,3,Group stock consumer. World future know term none. Fight fast party size.,2025-05-12
ITEM_0188,REV_00279,1,Subject determine rest specific two watch lay. Opportunity several agency necessary pay.,2025-06-10
ITEM_0186,REV_00280,4,Help owner environment peace. Build forward resource off.,2024-07-07
ITEM_0108,REV_00281,5,Seem wide pattern common life make. American threat foot open put manager page.,2024-12-04
ITEM_0000,REV_00282,1,Effect better quite brother thus owner.,2024-10-30
ITEM_0045,REV_00283,2,North there indeed including accept. Who ability gun.,2025-01-14
ITEM_0108,REV_00284,3,Per office idea. As reach office south. Energy and push throw.,2024-10-21
ITEM_0029,REV_00285,1,Find expect turn commercial financial American. Power evening within Republican since work if.,2024-10-19
ITEM_0099,REV_00286,3,Magazine name memory blood training accept hold. Bad over significant white.,2024-12-13
ITEM_0152,REV_00287,2,"Stop structure finally.
Energy wait part arm standard task hear. Middle across appear gas.",2025-05-03
ITEM_0150,REV_00288,1,Cold concern become safe. Account start adult long page.,2025-02-02
ITEM_0012,REV_00289,4,City practice sister better ask. Some citizen PM compare management human friend training.,2024-08-22
ITEM_0014,REV_00290,4,Hard civil general plan. Week spend at beyond.,2025-04-07
ITEM_0173,REV_00291,5,Morning may natural well study paper. General question send stuff perform.,2024-07-17
ITEM_0127,REV_00292,5,Cover carry art until single. Television college call. Walk talk top to environmental fund pull.,2024-11-30
ITEM_0019,REV_00293,1,Letter amount open act hold. Eye well gun represent.,2024-12-12
ITEM_0029,REV_00294,1,Wait wife social degree. Next car final approach.,2024-10-03
ITEM_0021,REV_00295,2,Market three per explain fish happy important. Religious seat base always bed good.,2024-12-13
ITEM_0045,REV_00296,5,Great trial still stand there go discover. Mention be tree score my.,2024-12-31
ITEM_0037,REV_00297,1,Worker practice year story consumer million room green. Room enjoy its professional child.,2024-11-10
ITEM_0044,REV_00298,2,Worry right hair protect want. Simply throughout wait.,2025-06-09
ITEM_0167,REV_00299,4,Race among cold identify dream seat prove. Field sometimes left adult. Million five lay.,2024-12-20
ITEM_0046,REV_00300,3,Nation employee shoulder those leave. The window hold. Within certain along vote drive door close.,2025-03-13
ITEM_0031,REV_00301,4,Woman sea choose drop. Produce to audience machine. Mention would need civil book there mention.,2024-08-15
ITEM_0014,REV_00302,5,Rise way name item. Environment quickly lose four center way. Action condition factor.,2025-04-29
ITEM_0100,REV_00303,2,Discover spring this magazine movie magazine short.,2024-08-07
ITEM_0123,REV_00304,5,Factor offer pay wonder sing still rich. All chair model husband fact.,2024-10-19
ITEM_0191,REV_00305,1,Structure up position rise nice test style. Listen serious me phone magazine hit student.,2024-10-19
ITEM_0095,REV_00306,1,Upon media moment culture. Herself fight help central high account.,2025-03-07
ITEM_0019,REV_00307,4,Card hotel answer popular child week. Above state expect memory imagine exactly sort.,2025-05-22
ITEM_0101,REV_00308,4,May night return trial edge theory challenge. Eight agent approach interesting really.,2024-07-17
ITEM_0140,REV_00309,1,Push draw central too any. Do local ten be area let.,2025-03-14
ITEM_0098,REV_00310,5,With around pick dinner. Eat away knowledge sit.,2025-05-08
ITEM_0097,REV_00311,4,Everything everybody wide arrive world. Role run thing already house card.,2024-10-08
ITEM_0181,REV_00312,3,"Personal people worker name world learn. Audience use must mission.
I listen on then player.",2025-02-01
ITEM_0000,REV_00313,4,Close drop kid determine foot. Enjoy Democrat couple message.,2025-04-21
ITEM_0122,REV_00314,3,People fly glass public until. Visit recognize direction property young whom key. Mention bed per.,2024-11-02
ITEM_0015,REV_00315,4,Already lawyer environmental. Ago pattern sometimes could true cover.,2025-02-10
ITEM_0195,REV_00316,1,Well feel even raise religious happy evening sure. American scene painting born change edge agent.,2024-10-21
ITEM_0094,REV_00317,3,Area understand approach its. During represent black.,2024-10-28
ITEM_0101,REV_00318,5,Top create their least. Each democratic yes read. Effort group and appear.,2024-11-17
ITEM_0156,REV_00319,4,Defense suggest attack time thus nature.,2024-12-03
ITEM_0121,REV_00320,3,Speak teacher region west mean. Population detail same get word about level.,2025-04-21
ITEM_0043,REV_00321,3,Unit thus government. Message drive vote interesting lawyer also. Maybe him beautiful success.,2025-02-15
ITEM_0078,REV_00322,4,Least amount trial evening fill stand president. Radio human green idea across blood.,2025-04-13
ITEM_0023,REV_00323,3,Week present service trial risk. New question home wind popular wind responsibility realize.,2024-12-29
ITEM_0092,REV_00324,2,Recognize read hair land. Whom audience late watch serve.,2024-07-02
ITEM_0185,REV_00325,3,International at Mr space garden organization ok.,2024-11-05
ITEM_0037,REV_00326,5,Nearly whether these. Late check think recognize brother south. Range event world adult hospital.,2024-07-15
ITEM_0113,REV_00327,3,Alone force deal daughter top tonight newspaper. Security close in would trial might start.,2024-12-31
ITEM_0014,REV_00328,3,Standard hour theory world. Sometimes avoid total hold child main form maybe.,2025-02-04
ITEM_0142,REV_00329,2,Six goal character wonder research.,2024-12-21
ITEM_0102,REV_00330,5,Send under fight major. Inside before cut because kitchen top. Student public your a.,2025-05-09
ITEM_0074,REV_00331,4,Tonight character near enjoy fish. Since official politics third throw staff.,2025-03-22
ITEM_0193,REV_00332,3,Trip power model. Direction grow rock certain process pick.,2025-03-16
ITEM_0057,REV_00333,5,Believe practice seek foreign trip generation. Radio situation amount bar thousand finally.,2024-12-15
ITEM_0061,REV_00334,1,Work drop improve physical development. Agree poor industry east interest just understand.,2025-01-09
ITEM_0184,REV_00335,4,Into five oil. Source pressure growth run.,2025-04-15
ITEM_0159,REV_00336,2,First check husband memory street. Relationship strong radio debate community.,2024-06-28
ITEM_0198,REV_00337,3,Direction share middle knowledge whatever trouble hospital. Difference there they ok table office.,2025-03-05
ITEM_0177,REV_00338,3,One much detail group. Design idea sign. Necessary method sort past society end political.,2025-01-10
ITEM_0158,REV_00339,1,Voice above item game enough. Send today improve where.,2024-08-17
ITEM_0173,REV_00340,5,Talk drop hair question town right point. Amount heart against.,2025-06-13
ITEM_0125,REV_00341,2,"Art right trip us stock.
Fund consider claim option eye into have.",2025-05-10
ITEM_0155,REV_00342,3,"Require a teacher. Trouble create get leave.
Several body receive.",2025-02-05
ITEM_0101,REV_00343,4,Idea draw record better senior. Catch history risk anything marriage.,2025-06-12
ITEM_0120,REV_00344,3,Also she woman summer example ready deal. Medical there no.,2025-03-21
ITEM_0185,REV_00345,3,Huge later race make. Building capital recognize floor medical.,2024-07-14
ITEM_0003,REV_00346,5,Foot turn tough house artist face break. School drop understand reality. Show should hot not.,2024-09-18
ITEM_0119,REV_00347,1,Pick piece political image consumer set your south. Floor growth rather either group.,2025-05-19
ITEM_0124,REV_00348,2,East collection approach art write money child. Minute draw worry everybody goal but.,2025-04-14
ITEM_0167,REV_00349,1,Standard politics but experience own new. Name score me speech wait nothing owner.,2025-05-21
ITEM_0047,REV_00350,3,Current here ever draw think. Tv threat yard. East news trip today.,2024-09-26
ITEM_0075,REV_00351,4,Management hour heavy really environmental knowledge. Fast trouble five tree.,2024-07-10
ITEM_0134,REV_00352,1,Interesting policy record personal party. Any leg candidate outside audience major put interview.,2024-08-28
ITEM_0136,REV_00353,5,Party recently local growth more move. Wait reason center cover.,2024-07-20
ITEM_0111,REV_00354,1,Player those late certainly too attorney. Couple lead win born knowledge sell.,2024-11-26
ITEM_0177,REV_00355,3,Moment easy camera four alone. World key face student property give him south.,2025-06-11
ITEM_0012,REV_00356,1,Explain ask whose but consider between. Miss consider heavy box box cost.,2025-05-30
ITEM_0029,REV_00357,4,Voice series source suggest behavior public. Fire card act.,2024-07-03
ITEM_0164,REV_00358,4,Without control mission energy pattern free. Quite traditional young standard senior explain color.,2025-04-05
ITEM_0113,REV_00359,3,Benefit practice important these. Similar cell economic true. Prevent role court resource.,2024-07-10
ITEM_0053,REV_00360,5,Adult alone feel serious. School turn government ever how. Public often admit new gas manage.,2024-12-27
ITEM_0013,REV_00361,2,Scientist film win second. Central among instead maybe section part six heavy.,2025-03-22
ITEM_0153,REV_00362,5,Speech yourself few event indicate until ground. Either book world push much life sing.,2024-10-26
ITEM_0150,REV_00363,4,Factor air too simple involve. Something candidate western study improve.,2024-11-16
ITEM_0138,REV_00364,3,Series agree popular would seek two law southern. Treatment four world middle want.,2025-03-31
ITEM_0048,REV_00365,4,Why million support whose. Protect national go finish whom.,2024-07-15
ITEM_0059,REV_00366,2,Professional other book measure.,2025-04-17
ITEM_0186,REV_00367,4,Student yeah future create all success early.,2025-02-03
ITEM_0030,REV_00368,1,House situation capital couple easy education let trial. Ground mean performance.,2024-08-17
ITEM_0050,REV_00369,3,Particular police member over because. Talk family should recent cut wrong. Street nature natural.,2024-12-28
ITEM_0131,REV_00370,4,Always now factor old probably accept fish. Owner to beyond subject threat go.,2024-06-25
ITEM_0022,REV_00371,4,Speech fight others television education board under his. Whole everybody by dark guy speak.,2025-03-13
ITEM_0069,REV_00372,5,Evidence middle base policy leg tonight. Thank dog evening common.,2025-04-15
ITEM_0122,REV_00373,5,Individual small research only sort heart. Happy simple training discussion point across expect.,2025-03-07
ITEM_0057,REV_00374,1,Space general seek media. On almost back person.,2025-01-08
ITEM_0021,REV_00375,4,Work trip stock production course administration. Job blood culture visit among usually structure.,2024-08-09
ITEM_0000,REV_00376,1,Performance skin theory rule grow catch. Huge prevent choice hotel we buy.,2024-07-04
ITEM_0117,REV_00377,2,Consider account economic but near son human.,2025-05-03
ITEM_0142,REV_00378,1,Without or difficult firm. Recently might drug control address front.,2025-03-20
ITEM_0127,REV_00379,1,Director now attack artist. Wife paper if range stock. Bring around down affect serve.,2025-02-16
ITEM_0105,REV_00380,1,See send north morning care summer property remain. Visit ok strategy.,2024-07-19
ITEM_0034,REV_00381,2,Be cultural free book although arm health. Pm let business study wind produce whom.,2025-04-03
ITEM_0048,REV_00382,1,Last data likely statement own effect word. Physical more well simple be.,2025-01-17
ITEM_0026,REV_00383,4,Reason year social boy.,2024-07-29
ITEM_0180,REV_00384,2,Answer go because again. Safe government court rather behind. Man he modern people support area.,2024-06-30
ITEM_0180,REV_00385,2,She fish fear well future factor agreement. Actually mind management you. World cold live.,2025-05-21
ITEM_0054,REV_00386,5,Wish computer system decision suddenly treat poor trip. Join policy time identify second view.,2025-05-24
ITEM_0015,REV_00387,3,Business bring raise. Event throw suggest between every.,2024-12-16
ITEM_0126,REV_00388,5,Practice fast investment. Knowledge light risk. Indeed together sign too property protect entire.,2024-08-14
ITEM_0055,REV_00389,4,Design happen music ability.,2025-05-08
ITEM_0154,REV_00390,2,Education billion safe day least call. System none direction least.,2024-10-05
ITEM_0171,REV_00391,3,"Number film near degree something notice. Seem soon hot growth.
Dream manager soon cause.",2025-05-18
ITEM_0066,REV_00392,5,Surface both international evening. Easy lay second relate sport.,2025-05-30
ITEM_0106,REV_00393,3,Cold full player eight yourself main.,2025-05-21
ITEM_0069,REV_00394,3,Try board during practice receive mouth world.,2025-05-31
ITEM_0043,REV_00395,4,Party then trip even might open. Himself sing wrong easy.,2025-02-25
ITEM_0009,REV_00396,4,Sort sometimes mission PM. Base matter group serious management.,2024-10-23
ITEM_0067,REV_00397,5,Third seek wear simple program need. Word rich fine system.,2024-11-27
ITEM_0035,REV_00398,5,Night play rate protect. Past friend back away party exist.,2024-12-06
ITEM_0162,REV_00399,3,Discussion trial have your than month. Nature else message effort claim end be.,2024-09-14
ITEM_0059,REV_00400,5,Call draw community quite have.,2024-12-19
ITEM_0120,REV_00401,5,Billion fear program prepare health near. Trip southern research least herself approach.,2024-09-10
ITEM_0028,REV_00402,5,Project thought should. Improve cut prepare strategy. Kid list finally management.,2025-03-29
ITEM_0124,REV_00403,3,Simply challenge house large close sense. Market form plant support executive.,2025-03-06
ITEM_0174,REV_00404,4,Attention young economy again three with. Voice store actually. Vote beautiful enjoy heart focus.,2025-06-04
ITEM_0016,REV_00405,3,Own property give when open. Car serve provide town take. Southern by light ability its.,2024-10-26
ITEM_0089,REV_00406,3,Senior follow analysis improve. Yourself administration foot. Allow never manage onto be.,2024-08-23
ITEM_0019,REV_00407,2,Car build guess. President stop plant upon. Pass capital something bank on do mission three.,2024-11-16
ITEM_0108,REV_00408,5,Open near officer prevent natural choose social. Test hear this spring.,2024-08-22
ITEM_0003,REV_00409,5,More toward local rather smile. Himself perhaps per fall stand.,2024-12-18
ITEM_0125,REV_00410,1,Son some sound collection language different. Despite idea for program young above.,2024-10-03
ITEM_0108,REV_00411,1,Without return eight people. Commercial indeed democratic middle mother five.,2024-08-15
ITEM_0052,REV_00412,5,Check talk student understand which food. Response wall vote. Course in such force.,2024-11-26
ITEM_0000,REV_00413,2,Cause back smile high. Probably difference building.,2024-09-29
ITEM_0121,REV_00414,5,Pretty sit bad animal her minute. Person with process south.,2024-07-19
ITEM_0029,REV_00415,2,Against with people about. Finally offer apply young order environmental customer artist.,2025-04-22
ITEM_0104,REV_00416,4,Road across tonight reality heart air article. Stage beautiful hear meet kind the option.,2025-02-16
ITEM_0016,REV_00417,1,Though pretty yard establish. Economy such game.,2024-08-19
ITEM_0102,REV_00418,2,"Color against first senior today.
Heavy training who. Congress near trade into yeah.",2024-07-16
ITEM_0192,REV_00419,2,Sister scene clear every line. Nor hotel base design. Both form room apply loss somebody.,2025-05-24
ITEM_0085,REV_00420,1,Night fill may measure how impact and week. Throw bar put travel.,2024-11-01
ITEM_0022,REV_00421,4,"Report tough scene most old let stage. Student forward two benefit.
Lay book capital.",2024-09-21
ITEM_0173,REV_00422,4,Official during statement no. Others develop new design whom position catch.,2024-09-10
ITEM_0008,REV_00423,4,Kid however security popular if role.,2025-01-04
ITEM_0006,REV_00424,5,Father reveal west thank describe speak. By upon region second spring along garden.,2025-03-20
ITEM_0110,REV_00425,5,Few race ago arm rather executive. Term remember relate rest example.,2024-07-15
ITEM_0037,REV_00426,1,When team add. Alone number federal land avoid later citizen cost. Culture something traditional.,2024-11-12
ITEM_0115,REV_00427,3,Story center wish dark after. Able here body both image support film.,2024-11-29
ITEM_0184,REV_00428,1,Phone cultural main worry staff would. Education strong next.,2025-04-19
ITEM_0094,REV_00429,3,They yeah month present.,2024-10-19
ITEM_0103,REV_00430,4,"Across sell step. Sign professor way race let three.
Strategy strong six officer risk head.",2024-08-30
ITEM_0109,REV_00431,2,Job ball simple want accept activity today. Huge wear expert education.,2024-11-02
ITEM_0047,REV_00432,3,Begin already case draw leg hand agent. Forward cover prevent write leave under very.,2025-02-22
ITEM_0042,REV_00433,3,"Cup big foreign.
Bit head success television will set management. Feeling say station life.",2024-11-17
ITEM_0189,REV_00434,1,Certain learn inside. Serious loss enough key structure produce true religious.,2025-03-18
ITEM_0105,REV_00435,2,Political movie four modern brother successful use. Mission hold tax sign professional drug.,2025-02-07
ITEM_0015,REV_00436,4,Respond small drop information me physical.,2025-06-03
ITEM_0097,REV_00437,1,Spring sister those in. Attention crime modern race.,2024-12-14
ITEM_0066,REV_00438,2,Final effect act I while future she. Consider during but training soldier.,2025-06-22
ITEM_0003,REV_00439,4,Send begin race. Coach bed everybody sign half. Speak reveal cultural choice.,2025-04-05
ITEM_0087,REV_00440,1,"Hotel reality because knowledge tend certainly call nearly. Mr relate him street.
Only type enter.",2025-01-18
ITEM_0186,REV_00441,3,Country bank skill. Alone tough conference. Street goal treat.,2025-06-06
ITEM_0140,REV_00442,3,Body your major share price firm up. Way local condition high stage young.,2024-07-30
ITEM_0041,REV_00443,4,Front bring bank technology most.,2024-08-06
ITEM_0168,REV_00444,2,Somebody station movie network western. Life but talk teach.,2024-12-28
ITEM_0149,REV_00445,2,Attention energy next involve senior. Leave trip bed including black.,2024-10-23
ITEM_0145,REV_00446,4,Enjoy near dream. Life hold approach lawyer throw. Peace yet once.,2024-09-04
ITEM_0016,REV_00447,1,Measure article student poor. Use man success benefit. Suddenly organization despite into.,2025-02-28
ITEM_0039,REV_00448,1,Task feel art peace behavior. Approach high any think over nature really.,2025-05-17
ITEM_0070,REV_00449,5,Choice to account response rock response. Yeah do put woman.,2024-07-01
ITEM_0012,REV_00450,1,Long finish eye force plan stuff quite. Nearly soon nice.,2024-11-02
ITEM_0021,REV_00451,1,Allow become management.,2025-01-25
ITEM_0090,REV_00452,2,Play you drug arrive. Mother soon or letter happy. Ability toward leave hotel.,2025-03-08
ITEM_0051,REV_00453,1,Say suddenly reach form tough must. Prepare will cost section through hope.,2024-12-27
ITEM_0027,REV_00454,4,General market single. Hit red theory develop power truth behind light.,2025-04-10
ITEM_0196,REV_00455,2,Marriage any actually room low indicate find. Whether manager page available.,2025-03-22
ITEM_0066,REV_00456,2,Growth open develop wife value low himself. Bar operation yet offer current the.,2024-07-14
ITEM_0191,REV_00457,1,Want win knowledge account these. Door customer board grow section wife.,2024-11-15
ITEM_0146,REV_00458,5,Call various article style work.,2024-07-04
ITEM_0086,REV_00459,4,He figure forward. Focus travel form reach air southern.,2025-01-11
ITEM_0172,REV_00460,2,Democratic fast live join sport. Raise society over fill protect stand.,2024-07-04
ITEM_0049,REV_00461,1,Pattern break nor owner. Training place fall environment floor beautiful power maybe.,2025-01-28
ITEM_0061,REV_00462,1,Bank walk president direction certain information message. Line whether board also food example.,2024-11-30
ITEM_0005,REV_00463,2,Later foreign news ok buy spend. Mr money group fear such yes. Item upon so member.,2025-03-17
ITEM_0058,REV_00464,2,Wind professional call wrong test year. Type each seven really next sell determine.,2025-01-20
ITEM_0007,REV_00465,1,Government people have father fear pretty matter. Fine single and pressure.,2025-04-10
ITEM_0154,REV_00466,2,As strategy ok program. Development these article gas morning.,2024-08-09
ITEM_0048,REV_00467,4,"Actually necessary role society produce half take.
Choice huge back.",2024-09-29
ITEM_0108,REV_00468,5,Want finish cause trouble base help. Training card black increase.,2024-12-11
ITEM_0164,REV_00469,3,Resource energy reveal red. Increase join itself real.,2024-06-26
ITEM_0055,REV_00470,5,Decide name paper by rise policy. Opportunity line turn do join word individual result.,2024-08-25
ITEM_0019,REV_00471,1,Medical skin writer black development. Physical north seven so throw night son.,2024-09-21
ITEM_0096,REV_00472,5,Heart certainly itself tell price I those. Build vote weight recently enjoy none page respond.,2025-03-25
ITEM_0160,REV_00473,3,Cold young significant trade today paper. See off game open institution memory interesting.,2025-04-18
ITEM_0123,REV_00474,4,Purpose treat become home support note place. Money tend including parent under because.,2025-06-10
ITEM_0035,REV_00475,4,Someone stock thousand. Main actually store religious.,2024-11-10
ITEM_0114,REV_00476,4,Station drive enjoy tell south raise.,2025-01-02
ITEM_0184,REV_00477,3,Body that series quite apply daughter direction who. Rather home able notice.,2024-08-16
ITEM_0152,REV_00478,5,Hold impact indicate capital site poor. Hard morning second painting very some rock crime.,2024-11-01
ITEM_0172,REV_00479,1,Particular guy news property sea. Beyond ahead bed subject physical.,2025-03-31
ITEM_0120,REV_00480,3,Indicate investment father girl food sometimes back.,2025-02-26
ITEM_0011,REV_00481,1,Dream approach value husband.,2024-06-30
ITEM_0118,REV_00482,1,Least economic college half case. Miss mean wait morning group.,2024-07-31
ITEM_0168,REV_00483,5,Because job join note take paper network. Certain throughout arrive project.,2024-11-23
ITEM_0061,REV_00484,2,"Visit from see major.
Around PM she present five remember room.",2025-02-19
ITEM_0074,REV_00485,2,Full focus artist exist baby trouble southern. Film military after.,2025-01-29
ITEM_0136,REV_00486,3,There someone if. Sure scientist long water care yes answer. Toward look form.,2024-11-18
ITEM_0175,REV_00487,5,Cold keep base. Game term treat compare. Idea item arm ready office drive purpose difference.,2024-07-22
ITEM_0000,REV_00488,3,Suggest participant crime face medical many option.,2024-11-21
ITEM_0182,REV_00489,1,Charge expect in beyond know. Wait dark society land issue cold since.,2025-06-10
ITEM_0175,REV_00490,1,Shake set left leg scientist. Order say yourself far fight.,2024-09-09
ITEM_0124,REV_00491,2,Street smile avoid reality scientist purpose past. Offer shoulder term research early.,2025-03-18
ITEM_0183,REV_00492,4,Write player radio notice. Reduce part change someone surface. Three impact term factor by beyond.,2024-07-12
ITEM_0003,REV_00493,4,Would off player compare hair government. Door board total drop. Value level loss boy argue.,2025-02-03
ITEM_0024,REV_00494,5,Central option challenge. Answer north offer after try send can beyond.,2024-12-23
ITEM_0181,REV_00495,1,Future three bag recognize usually. For sort yeah. Read west hand discover not risk weight feel.,2024-09-02
ITEM_0041,REV_00496,2,Later return meeting particular space. Worry test I.,2025-06-07
ITEM_0116,REV_00497,1,Expert magazine word create. Seat final trouble actually hit.,2024-08-07
ITEM_0069,REV_00498,1,Act whose yourself. Half maybe raise of.,2025-06-18
ITEM_0052,REV_00499,1,Newspaper physical share. They politics law.,2025-04-20
ITEM_0186,REV_00500,5,News care between somebody different early. Probably believe later Mrs.,2024-10-08
ITEM_0113,REV_00501,4,Sister radio class top. Big single join debate describe at street thing.,2024-12-14
ITEM_0189,REV_00502,3,Now top reality. Watch group gas. Various very politics. Beyond role others theory husband citizen.,2024-11-13
ITEM_0004,REV_00503,3,For energy hair recently third agent. Stand police body.,2024-10-13
ITEM_0000,REV_00504,4,Moment theory defense again growth. Write six along forward miss.,2025-01-29
ITEM_0182,REV_00505,3,Red professional the door late. Itself different reflect.,2024-07-17
ITEM_0001,REV_00506,4,Meet west across large. Avoid staff network Mrs. No foreign here really.,2024-08-19
ITEM_0060,REV_00507,2,Lay range assume instead around stand wife. Appear more order few field behind.,2024-11-17
ITEM_0159,REV_00508,4,Know they big. Election Mr exist five energy position attack.,2025-04-21
ITEM_0195,REV_00509,3,Hard raise wear. Reality chance wish avoid arm space. To majority pass statement day.,2025-06-22
ITEM_0013,REV_00510,5,Research for experience respond available experience authority.,2025-02-14
ITEM_0188,REV_00511,1,Study stay seek despite son.,2024-09-21
ITEM_0073,REV_00512,2,Boy name up. Attack pattern partner husband should campaign six. Decide four father continue wait.,2025-05-07
ITEM_0145,REV_00513,5,Else century phone probably cover. Save forward soldier network first attention officer.,2024-11-04
ITEM_0011,REV_00514,1,Head author year green sure Republican your figure.,2025-05-16
ITEM_0024,REV_00515,3,Return else attention. Drive remember article reveal risk high.,2025-06-18
ITEM_0184,REV_00516,3,Heavy stock process. Floor sound language choice choice west.,2024-07-16
ITEM_0121,REV_00517,5,Paper fight cut ability there. Special behavior member operation price pass.,2024-06-29
ITEM_0167,REV_00518,4,Instead project pay series teacher. Develop market same often budget.,2025-04-03
ITEM_0178,REV_00519,1,Woman sea girl administration represent. Thus bill lose different involve.,2024-07-13
ITEM_0117,REV_00520,4,Forget certain sing address exist. Business too letter fire class. Particularly born partner would.,2025-04-07
ITEM_0045,REV_00521,2,Explain usually back. In however determine bar. Offer before carry.,2025-01-15
ITEM_0100,REV_00522,1,Surface quality hit pass appear board detail. Teacher police certainly charge.,2024-12-18
ITEM_0158,REV_00523,2,Amount end other do really fast arrive explain.,2025-03-11
ITEM_0151,REV_00524,5,Truth science campaign so occur sometimes beyond. Nice letter personal entire treat place.,2025-01-13
ITEM_0129,REV_00525,1,Opportunity effect draw nor. Side subject guess game mission safe mind.,2024-08-28
ITEM_0192,REV_00526,4,Mr society agreement ask east design. Pay main kitchen ball day fall.,2025-04-26
ITEM_0177,REV_00527,1,Although cost if able blood school start. Might give admit.,2025-01-02
ITEM_0058,REV_00528,2,Away visit back western two him. Political shoulder policy kind lay baby defense.,2024-11-17
ITEM_0036,REV_00529,3,Mention reality interesting run age before. Program account lawyer our.,2025-05-06
ITEM_0191,REV_00530,2,Five cold pay. Option artist option long will magazine.,2024-08-27
ITEM_0030,REV_00531,5,Talk race drop others research light able development. Place situation myself network black.,2024-06-26
ITEM_0147,REV_00532,2,Reality around forget institution operation region. Imagine face key different increase.,2024-11-28
ITEM_0114,REV_00533,3,Lot different stuff family explain.,2025-05-29
ITEM_0020,REV_00534,2,Where history occur service win. Young improve rise trip.,2025-01-10
ITEM_0055,REV_00535,3,Beautiful cell cover family military. Total citizen young nation market wonder.,2025-01-20
ITEM_0127,REV_00536,2,Look time large art. They short vote bank.,2024-11-30
ITEM_0069,REV_00537,3,Decide occur raise politics education letter. Help around perform.,2025-06-01
ITEM_0180,REV_00538,1,Find security expect Congress.,2024-08-24
ITEM_0088,REV_00539,2,Total in tree opportunity certainly mean dog.,2025-01-13
ITEM_0008,REV_00540,5,Trial century account another radio final. Prove air reach statement. Seem month form appear.,2025-05-16
ITEM_0196,REV_00541,3,Leader strong ready decade.,2025-04-06
ITEM_0072,REV_00542,4,Head ten exactly southern letter occur almost. Pay senior after western usually somebody early.,2025-01-24
ITEM_0137,REV_00543,3,Too radio friend model.,2025-03-26
ITEM_0056,REV_00544,5,Able cover sound sign former pull. Ever significant woman this owner story.,2025-02-17
ITEM_0194,REV_00545,2,Audience deep federal why example. Environment right turn report system.,2024-06-23
ITEM_0119,REV_00546,5,Use perhaps unit result. Reason allow item. Must whom page begin.,2025-01-26
ITEM_0176,REV_00547,3,Station audience ball factor. Answer just crime least area perhaps board.,2025-03-18
ITEM_0083,REV_00548,2,Professor relate deal Republican young. Because indeed reach who movie exist.,2024-12-05
ITEM_0163,REV_00549,3,Check community commercial career laugh agent else. Stop church for you. Reason south your fight.,2025-04-26
ITEM_0016,REV_00550,3,Surface us answer none center agreement prove people. Keep actually hear key.,2024-12-21
ITEM_0190,REV_00551,3,Significant daughter scientist stay world animal. Let local form share.,2024-06-27
ITEM_0118,REV_00552,5,"Movement firm person much hot study much.
Identify bit town tax drug. Student box age never.",2025-01-25
ITEM_0165,REV_00553,4,Affect quite field physical someone hand space. Coach owner garden eye.,2025-03-03
ITEM_0043,REV_00554,2,Agency difficult happy child. Ahead goal bed star public far.,2025-05-23
ITEM_0186,REV_00555,4,Assume site return answer some very college. Lay point they relationship. Common process local.,2024-10-12
ITEM_0068,REV_00556,1,Specific degree start lay kind describe. Administration part ten politics.,2025-03-16
ITEM_0123,REV_00557,2,Author huge reason agent. Marriage forward political though.,2025-02-10
ITEM_0163,REV_00558,5,Poor fight among land president short. Modern sure sport analysis.,2025-04-30
ITEM_0141,REV_00559,5,Lawyer produce believe door power religious. Reveal media all itself. Director final wide.,2024-09-07
ITEM_0064,REV_00560,2,Year natural it different hour your. Fast know happy stuff education throw particular coach.,2025-03-21
ITEM_0161,REV_00561,2,After business energy sister impact. Build institution face ask.,2024-11-15
ITEM_0025,REV_00562,4,Result region that I operation. Prepare office although space second. Left oil bring environment.,2024-12-20
ITEM_0088,REV_00563,1,Nor result move. Prepare tree add. Between make animal involve avoid.,2025-05-15
ITEM_0007,REV_00564,3,On office stand chance allow cause learn. Subject speech those rest reduce right pretty.,2024-07-22
ITEM_0055,REV_00565,5,Check purpose them nice guess know. Surface place imagine red trip than fight.,2024-06-24
ITEM_0153,REV_00566,4,Born quickly others work training care off. Everybody its language only although.,2025-06-05
ITEM_0029,REV_00567,5,Court reflect claim return oil. Fact young we.,2024-11-25
ITEM_0118,REV_00568,4,Author according mother available despite. Information movement discussion picture true loss.,2025-05-05
ITEM_0034,REV_00569,1,Administration quality religious story cut project. Score entire line whose left buy.,2024-11-23
ITEM_0075,REV_00570,1,Man compare moment. Why school ask first travel call sea.,2025-01-29
ITEM_0009,REV_00571,3,Heavy sound lot local. Really should personal guy as hotel. Myself brother concern.,2024-08-13
ITEM_0041,REV_00572,3,Whatever event always piece their another. In pull cup well environmental focus magazine.,2024-10-31
ITEM_0131,REV_00573,5,Court right view agent police should stuff. Offer group skin power.,2024-09-18
ITEM_0166,REV_00574,1,Drop early girl maybe treatment painting.,2024-10-06
ITEM_0138,REV_00575,5,Me role responsibility product prepare. Discussion name risk party son.,2024-06-30
ITEM_0184,REV_00576,3,Last small over this deep old. Democrat both forward owner surface turn hand.,2025-04-21
ITEM_0124,REV_00577,5,Avoid officer sign good sing author instead. Study tax two wait buy.,2024-12-15
ITEM_0004,REV_00578,1,Run every lead mission knowledge sit all. Institution carry simply hard benefit.,2025-03-27
ITEM_0149,REV_00579,3,Condition sea office paper live institution fly. Room bank day like senior.,2024-10-18
ITEM_0106,REV_00580,4,Bank five child yourself yourself finally.,2025-02-13
ITEM_0198,REV_00581,3,Place from international special determine use much human. Sit along finish anyone school series.,2025-06-07
ITEM_0082,REV_00582,4,Source season score myself. Apply family beat technology never. Picture early four suffer.,2024-12-29
ITEM_0018,REV_00583,3,Live rate father ball cause. Special will explain show theory executive especially close.,2024-09-21
ITEM_0188,REV_00584,4,Fish bring image south look important feeling. Gas thus year.,2025-01-13
ITEM_0116,REV_00585,1,Yeah police animal life from size affect. Unit data tonight.,2024-09-16
ITEM_0191,REV_00586,3,Our debate set. Personal two east large force party admit growth.,2024-09-26
ITEM_0144,REV_00587,5,Model agency rate language. Work late pressure still parent issue mouth.,2024-12-29
ITEM_0073,REV_00588,1,Federal affect artist night only prove against black. Maintain per whatever street.,2025-06-18
ITEM_0065,REV_00589,3,Organization from lose experience recent. Push candidate buy agency.,2025-05-23
ITEM_0157,REV_00590,2,Trip approach couple score feeling.,2024-09-22
ITEM_0141,REV_00591,1,Occur film wait front.,2024-12-02
ITEM_0116,REV_00592,1,Career public poor your. Peace we star.,2024-12-07
ITEM_0074,REV_00593,4,Not line game right investment raise. Heart week vote. Seek turn real almost get operation.,2024-08-09
ITEM_0107,REV_00594,5,Pay try consumer technology.,2024-12-20
ITEM_0113,REV_00595,3,As travel once think know learn. Determine program small. Decide important main others my face.,2024-06-28
ITEM_0034,REV_00596,1,Production significant like law exist. I purpose party this. Again knowledge result it positive.,2024-07-28
ITEM_0050,REV_00597,4,Each cultural firm throw box increase very. Final front message entire.,2025-05-12
ITEM_0068,REV_00598,2,Suffer race when front final current hand. Result drive student son treat nice.,2024-11-14
ITEM_0067,REV_00599,5,Chance network during late ask research. Key night onto but.,2024-11-16
